xcoord,ycoord,freespeed_accessibility,population_density,population_density
50.0,50.0,2.1486094237531126
150.0,50.0,2.1486094237531126
50.0,150.0,2.1766435716006005
150.0,150.0,2.2055702759681273
